config_id,activation,layers,hidden,lr,batch,parameters,val_loss_mean,val_loss_std,val_loss_min,val_loss_max,test_mse,test_mae,test_rmse,best_seed
1,relu,3,3,0.01,64,48,0.2727520940171348,0.14594166318168034,0.1542590708732605,0.4783475248813629,20.38686752319336,2.2265400886535645,4.515182018280029,0
2,relu,3,3,0.01,128,48,0.18887674370076923,0.022601139446967285,0.15905010052522023,0.21373972729841867,21.33161163330078,2.3138787746429443,4.618615627288818,1
3,relu,3,3,0.001,64,48,0.3846794100602468,0.13381258999398674,0.19544264721870422,0.48019196891784666,9.23923110961914,1.7836716175079346,3.0396103858947754,2
4,relu,3,3,0.001,128,48,0.3867704691092173,0.13087408050853788,0.20168948038419088,0.4802099255720774,9.35086441040039,1.8889559507369995,3.0579183101654053,2
5,relu,3,4,0.01,64,71,0.07611529197295507,0.05578266886911572,0.03369086932142575,0.15492685651779176,0.20792947709560394,0.32773688435554504,0.45599284768104553,1
6,relu,3,4,0.01,128,71,0.04131545238693555,0.0019455274387307514,0.03856408975521723,0.04270200908184051,0.38953661918640137,0.42279672622680664,0.6241286993026733,1
7,relu,3,4,0.001,64,71,0.07842156923148368,0.05346818546578608,0.037220221916834516,0.15393223305543263,0.37747281789779663,0.4137652516365051,0.6143881678581238,2
8,relu,3,4,0.001,128,71,0.11947073106964429,0.04823098762507004,0.05126342247923215,0.15398002322514853,0.6498090028762817,0.5847662091255188,0.8061073422431946,2
9,relu,3,5,0.01,64,98,0.08127389835152361,0.06718459199189022,0.031977964306871096,0.17626450725396475,0.19528937339782715,0.3211888074874878,0.4419155716896057,2
10,relu,3,5,0.01,128,98,0.07751784648497899,0.06963376361014117,0.02617236300309499,0.17596436472733815,0.1704309582710266,0.28109678626060486,0.4128328561782837,2
11,relu,3,5,0.001,64,98,0.0798587496843603,0.06420147612415815,0.03065276650587718,0.17054368070761364,0.1555735468864441,0.29150527715682983,0.3944281339645386,1
12,relu,3,5,0.001,128,98,0.08055873030755255,0.06413919474163504,0.03467628867427508,0.17126318315664926,0.25849461555480957,0.3491649329662323,0.5084236860275269,1
13,relu,3,6,0.01,64,129,0.02441711823145548,0.004022186500195425,0.01897938375174999,0.02858175833026568,0.05662201717495918,0.18478478491306305,0.2379538118839264,1
14,relu,3,6,0.01,128,129,0.024357331241170566,0.0011521942427178884,0.02316384450097879,0.025914813602964083,0.08409780263900757,0.21556136012077332,0.2899962067604065,0
15,relu,3,6,0.001,64,129,0.019695960857801967,0.0020067718904628012,0.01747953546543916,0.022339196026325225,0.04776100069284439,0.1625644862651825,0.2185429036617279,1
16,relu,3,6,0.001,128,129,0.07199391239881515,0.07042253977018621,0.01942203419903914,0.17153385738531748,0.06819163262844086,0.18932317197322845,0.2611352801322937,0
17,relu,3,7,0.01,64,164,0.019157774856521023,0.0013701116058053339,0.017365700838466485,0.02069190414249897,0.052158817648887634,0.16657274961471558,0.22838304936885834,1
18,relu,3,7,0.01,128,164,0.018351474709808826,0.0029901593847855797,0.015236082104345162,0.022385524461666743,0.041815705597400665,0.15152961015701294,0.20448888838291168,1
19,relu,3,7,0.001,64,164,0.017022225250800452,0.0020744877508494363,0.014102467616399128,0.018730117494861285,0.03948488458991051,0.14588218927383423,0.19870804250240326,1
20,relu,3,7,0.001,128,164,0.021722629335191517,0.0022687640079862917,0.01952134238680204,0.024844828402002653,0.08107712119817734,0.19334445893764496,0.2847404479980469,0
21,relu,3,8,0.01,64,203,0.016549148091839418,0.0014406514006790416,0.014579653722544512,0.017985596100489297,0.042276591062545776,0.1492895781993866,0.20561271905899048,0
22,relu,3,8,0.01,128,203,0.015155726304484737,0.0019142804380565242,0.0137050979261597,0.01786055113375187,0.03464426100254059,0.13821256160736084,0.18612968921661377,1
23,relu,3,8,0.001,64,203,0.017155872372289497,0.001694484490063877,0.014768818520009518,0.01853214765091737,0.039266787469387054,0.14131976664066315,0.19815848767757416,1
24,relu,3,8,0.001,128,203,0.01613595250166125,0.000598679115893192,0.015322947596510251,0.016747131024797756,0.05614694952964783,0.1571042239665985,0.2369534820318222,1
25,relu,4,3,0.01,64,60,0.43646170176400084,0.060535576783919784,0.3508580013116201,0.4801794867515564,14.55288314819336,2.7012789249420166,3.814824104309082,2
26,relu,4,3,0.01,128,60,0.38666687864727445,0.1309562421044999,0.20146983075141905,0.48018524344762165,5.85105562210083,1.3968676328659058,2.4188954830169678,2
27,relu,4,3,0.001,64,60,0.37107350023587543,0.15304231411533584,0.15464143856366475,0.4801822095712026,21.71021270751953,2.2937004566192627,4.659421920776367,2
28,relu,4,3,0.001,128,60,0.37047206507788766,0.15390534792570879,0.15281949361165365,0.4801943311691284,21.696435928344727,2.2771975994110107,4.657943248748779,2
29,relu,4,4,0.01,64,91,0.1302689843442705,0.07583397854344785,0.028454259912172954,0.21035698858896892,0.16011326014995575,0.2942168712615967,0.40014153718948364,2
30,relu,4,4,0.01,128,91,0.06793025512662199,0.058255557272948316,0.02511202302078406,0.15029438885052998,0.10651170462369919,0.2284451723098755,0.3263612985610962,2
31,relu,4,4,0.001,64,91,0.1324202820327547,0.0788821601965166,0.027927969495455424,0.21849852752685547,0.13837704062461853,0.2782006859779358,0.3719906508922577,2
32,relu,4,4,0.001,128,91,0.12690873600708114,0.0699801110884408,0.03213463172316551,0.19897828781604768,0.2072678655385971,0.3276607394218445,0.4552668035030365,2
33,relu,4,5,0.01,64,128,0.06858410915401247,0.057839490266501675,0.026394651065270107,0.1503677759965261,0.1306331306695938,0.26955896615982056,0.3614320456981659,1
34,relu,4,5,0.01,128,128,0.06773823642234007,0.05761394248814031,0.020274912213285763,0.1488238364458084,0.08595377951860428,0.21622411906719208,0.2931787371635437,1
35,relu,4,5,0.001,64,128,0.06653483331203461,0.05900327181842173,0.02336834848920504,0.14996118422349294,0.1030433177947998,0.23165054619312286,0.32100361585617065,1
36,relu,4,5,0.001,128,128,0.06689965934554735,0.05843101135148265,0.0222247685889403,0.1494400135676066,0.10021977871656418,0.21158452332019806,0.3165750801563263,2
37,relu,4,6,0.01,64,171,0.024169978004362852,0.00359726092258523,0.020643134246269863,0.029108531226714453,0.08580783754587173,0.21315380930900574,0.2929297387599945,1
38,relu,4,6,0.01,128,171,0.06276536147296428,0.059772298522739804,0.017237796862920124,0.1472099523941676,0.04667286574840546,0.16517247259616852,0.2160390317440033,2
39,relu,4,6,0.001,64,171,0.0215404171248277,0.0020228178932350698,0.02000308529039224,0.024398376335700352,0.06405051052570343,0.1885099560022354,0.2530820369720459,2
40,relu,4,6,0.001,128,171,0.06388416850235727,0.05868082398098554,0.020185621092716852,0.14683161214987436,0.06885469704866409,0.19117248058319092,0.2624017894268036,2
41,relu,4,7,0.01,64,220,0.022114208701584075,0.002696671936061316,0.01971640911201636,0.025881371945142746,0.0813768208026886,0.20086921751499176,0.2852662205696106,1
42,relu,4,7,0.01,128,220,0.021080913234088155,0.0019659054904120027,0.018366253922382992,0.02295799784362316,0.07035236060619354,0.18890327215194702,0.2652401924133301,2
43,relu,4,7,0.001,64,220,0.01770422940618462,0.004953521735928293,0.010842533772190412,0.02235733585059643,0.02403741516172886,0.11362790316343307,0.15504004061222076,1
44,relu,4,7,0.001,128,220,0.022492444710599052,0.0017879468662221345,0.02015151598552863,0.024490659351150194,0.06757227331399918,0.18971918523311615,0.25994667410850525,1
45,relu,4,8,0.01,64,275,0.015183863826923898,0.0009987174603087658,0.013903445849816004,0.016340359752376875,0.034866102039813995,0.14043940603733063,0.18672466278076172,2
46,relu,4,8,0.01,128,275,0.01423113821943601,0.0013670248079282086,0.012476294847826162,0.015811075950662296,0.02422192133963108,0.12047943472862244,0.15563392639160156,0
47,relu,4,8,0.001,64,275,0.01603798822230763,0.004668666356567343,0.011495350609223048,0.02245876494050026,0.02698608674108982,0.11686477065086365,0.1642744243144989,1
48,relu,4,8,0.001,128,275,0.013393453381127782,0.0032157138531009226,0.008915286136170228,0.016318639745314917,0.016250235959887505,0.0902477279305458,0.12747640907764435,1
49,relu,5,3,0.01,64,72,0.38428658534420856,0.1343212321725509,0.1943306227127711,0.48018070753415426,9.216612815856934,1.7709864377975464,3.0358874797821045,2
50,relu,5,3,0.01,128,72,0.3780939339664247,0.14307557842972787,0.1757572765747706,0.48017851654688515,8.857609748840332,1.5509852170944214,2.9761736392974854,2
51,relu,5,3,0.001,64,72,0.3860404226382574,0.13186923475901488,0.19955211166540782,0.48019288245836894,9.309268951416016,1.8601518869400024,3.051109552383423,2
52,relu,5,3,0.001,128,72,0.38620552787515855,0.13165589755732576,0.2000189444621404,0.48020995084444684,9.286398887634277,1.854102611541748,3.0473592281341553,2
53,relu,5,4,0.01,64,111,0.4800954506132338,0.0013956455587800258,0.4783433020114899,0.48175843103726707,35.75423049926758,4.768097877502441,5.9794840812683105,1
54,relu,5,4,0.01,128,111,0.48009263401561314,0.0013937075152249362,0.4783447836240133,0.48175547949473063,35.76586151123047,4.7689714431762695,5.980456829071045,1
55,relu,5,4,0.001,64,111,0.38593077386750113,0.13205228968580787,0.1991834820906321,0.480197491645813,9.25471019744873,1.8327856063842773,3.0421555042266846,2
56,relu,5,4,0.001,128,111,0.38384642358620963,0.13500234653318632,0.1929270846446355,0.48020323729515074,9.166876792907715,1.7629603147506714,3.0276851654052734,2
57,relu,5,5,0.01,64,158,0.17137144406636554,0.021530834303632614,0.14559219221274058,0.19829452534516653,21.608304977416992,2.2208237648010254,4.648473262786865,2
58,relu,5,5,0.01,128,158,0.11627897987100815,0.06688781219042128,0.0222290891011556,0.17207505198319753,0.10060112923383713,0.23258355259895325,0.31717681884765625,2
59,relu,5,5,0.001,64,158,0.17114100649621752,0.016567901354667743,0.14896454870700837,0.18877878292401631,21.227523803710938,2.23288893699646,4.607333660125732,1
60,relu,5,5,0.001,128,158,0.1705908970038096,0.017023345205712612,0.14781371021270753,0.1887316192785899,21.21230697631836,2.216484308242798,4.605681896209717,1
61,relu,5,6,0.01,64,213,0.06706374897145563,0.07174479110998264,0.01356744501243035,0.1684750221967697,0.032852157950401306,0.1363379955291748,0.1812516450881958,2
62,relu,5,6,0.01,128,213,0.12758621774282722,0.07744961654858883,0.0184644243568182,0.1903318753639857,0.06967336684465408,0.17967599630355835,0.263957142829895,2
63,relu,5,6,0.001,64,213,0.18492703154683113,0.12425019248569559,0.04091654071211815,0.344126883427302,0.5642251372337341,0.501315712928772,0.7511492371559143,2
64,relu,5,6,0.001,128,213,0.17869781035184862,0.13127970904360262,0.02353550320863724,0.34456846976280214,0.10214652866125107,0.22900401055812836,0.31960371136665344,2
65,relu,5,7,0.01,64,276,0.2282101062403785,0.08744103983891538,0.14698889982700347,0.34957490372657773,20.37899398803711,2.1715550422668457,4.514309883117676,0
66,relu,5,7,0.01,128,276,0.1703039314481947,0.01671535024584975,0.14824438818295796,0.18869147543112436,20.36395835876465,2.182236909866333,4.512644290924072,0
67,relu,5,7,0.001,64,276,0.019261134337219928,0.004317342931817322,0.013240378526349862,0.023150175765156746,0.028149226680397987,0.1266709864139557,0.16777731478214264,1
68,relu,5,7,0.001,128,276,0.017255102977984483,0.0028256885053984278,0.014304541187981764,0.021064353053768477,0.03669484704732895,0.14184889197349548,0.19155898690223694,1
69,relu,5,8,0.01,64,347,0.016724122386839655,0.0025761360741905,0.013252594595154127,0.019417010466257732,0.03333922475576401,0.13645698130130768,0.1825903207063675,1
70,relu,5,8,0.01,128,347,0.017127282189826173,0.0014985745675004424,0.01527382456511259,0.01894401646653811,0.054808419197797775,0.16426700353622437,0.2341119796037674,2
71,relu,5,8,0.001,64,347,0.014464305727018253,0.0022281621464760883,0.011937400085230669,0.017358132963379225,0.02722962014377117,0.12161937355995178,0.16501399874687195,2
72,relu,5,8,0.001,128,347,0.015519577464295756,0.001033587716523684,0.014523876088360945,0.016944191028674442,0.04000616818666458,0.14055171608924866,0.20001542568206787,1
73,relu,6,3,0.01,64,84,0.4800942294862535,0.001392574492425588,0.47834688623746235,0.48175465981165566,35.755008697509766,4.767857551574707,5.979549407958984,1
74,relu,6,3,0.01,128,84,0.4800938492086199,0.0013923919522692558,0.4783462720712026,0.4817535217603048,35.748985290527344,4.767777919769287,5.979045391082764,1
75,relu,6,3,0.001,64,84,0.4405850516425239,0.05472790885083439,0.36319520060221355,0.4801878470579783,14.891470909118652,2.8806188106536865,3.8589468002319336,2
76,relu,6,3,0.001,128,84,0.4406021087964376,0.05472621208971335,0.36321457688013714,0.48019857207934064,14.89848804473877,2.880384922027588,3.859855890274048,2
77,relu,6,4,0.01,64,131,0.37848986411094665,0.07339129411672395,0.30963419636090594,0.4801753803888957,30.431583404541016,3.6463890075683594,5.516482830047607,2
78,relu,6,4,0.01,128,131,0.3333481723732418,0.01831843583139849,0.3074627764225006,0.3471893937587738,30.446840286254883,3.63431715965271,5.5178656578063965,2
79,relu,6,4,0.001,64,131,0.4356926759348975,0.06405109219316725,0.3451154384613037,0.48177920158704124,14.575268745422363,2.682915687561035,3.8177571296691895,1
80,relu,6,4,0.001,128,131,0.43568053107791477,0.06407815450646165,0.34506498924891155,0.48178360803922016,14.573965072631836,2.682776927947998,3.8175861835479736,1
81,relu,6,5,0.01,64,188,0.3685479247967402,0.15657632798013485,0.14711809821923574,0.4801813433965047,21.605459213256836,2.2331466674804688,4.648167133331299,2
82,relu,6,5,0.01,128,188,0.20792888187037573,0.0675985342004183,0.14624930040041606,0.30202264213562013,20.352561950683594,2.1609175205230713,4.511381149291992,0
83,relu,6,5,0.001,64,188,0.2240062145822578,0.18890093547011189,0.026178050885597864,0.4783981352647146,0.14116491377353668,0.2704888880252838,0.37571918964385986,2
84,relu,6,5,0.001,128,188,0.3174322800503837,0.13444533355269017,0.14931598873933155,0.4784060029188792,21.657184600830078,2.2567379474639893,4.653728008270264,2
85,relu,6,6,0.01,64,255,0.15580008070998722,0.011424814334663632,0.1472421398560206,0.1719475308259328,20.351871490478516,2.172300338745117,4.51130485534668,0
86,relu,6,6,0.01,128,255,0.2154796943151289,0.19454250206727364,0.018176691497365633,0.48018486618995665,0.05177437886595726,0.1767539083957672,0.22753983736038208,2
87,relu,6,6,0.001,64,255,0.06915278434256712,0.07106266921756449,0.018655087371667226,0.16965016361077626,0.05903048440814018,0.17553596198558807,0.24296189844608307,2
88,relu,6,6,0.001,128,255,0.1702369440893332,0.12325240111497805,0.019803654064734777,0.32170383834838867,0.06525306403636932,0.18662266433238983,0.25544679164886475,2
89,relu,6,7,0.01,64,332,0.11909462644408146,0.14488582978695733,0.01555121501038472,0.32399022634824115,0.03969540074467659,0.15018901228904724,0.19923704862594604,2
90,relu,6,7,0.01,128,332,0.10275889542119371,0.06261144886590408,0.014235496275126934,0.1487515329917272,0.03586412966251373,0.14355294406414032,0.1893782764673233,1
91,relu,6,7,0.001,64,332,0.1532917362584008,0.008977331257388617,0.14515136086940766,0.16579930690924327,20.34642791748047,2.1545073986053467,4.510701656341553,0
92,relu,6,7,0.001,128,332,0.10250462674101195,0.061145280962094595,0.01603291588028272,0.14605748613675434,0.03843655809760094,0.14648020267486572,0.1960524320602417,1
93,relu,6,8,0.01,64,419,0.26352379024028777,0.15466391023718995,0.14202369578679402,0.48178473544120787,21.278955459594727,2.1783642768859863,4.612911701202393,1
94,relu,6,8,0.01,128,419,0.1705726409761442,0.22004919319758065,0.012889793594678242,0.48175984334945676,0.0270556453615427,0.12586592137813568,0.16448600590229034,0
95,relu,6,8,0.001,64,419,0.07266940079298284,0.0815888665138624,0.014133851359287897,0.18804935117562613,0.03690021485090256,0.1305854171514511,0.19209428131580353,1
96,relu,6,8,0.001,128,419,0.07306324738346869,0.0807921479567559,0.015287572937707106,0.18731814698378246,0.04518268257379532,0.14621348679065704,0.2125621885061264,1
97,relu,7,3,0.01,64,96,0.43614733182059395,0.06099000746414611,0.3499010112285614,0.48019280115763346,14.530963897705078,2.6853628158569336,3.811950206756592,2
98,relu,7,3,0.01,128,96,0.4800900303257836,0.0013915834876054832,0.478344491481781,0.4817499322096507,35.76426696777344,4.768820285797119,5.980323314666748,1
99,relu,7,3,0.001,64,96,0.43640276153882346,0.06065091009626175,0.35063577016194664,0.48018999163309734,14.543099403381348,2.6939826011657715,3.8135416507720947,2
100,relu,7,3,0.001,128,96,0.43647925056351555,0.06055871242026923,0.3508425326347351,0.480192529519399,14.543622970581055,2.696038246154785,3.813610315322876,2
101,relu,7,4,0.01,64,151,0.42274860159556066,0.08234843796212171,0.3062939411799113,0.4817708549499512,29.862777709960938,3.609243392944336,5.46468448638916,1
102,relu,7,4,0.01,128,151,0.42267540025711064,0.08244520372571057,0.30608380476633706,0.48175689625740054,29.85731315612793,3.606788158416748,5.464184761047363,1
103,relu,7,4,0.001,64,151,0.3831922323173947,0.13830126849413346,0.1876068150997162,0.4817721699078878,8.884950637817383,1.713864803314209,2.9807634353637695,1
104,relu,7,4,0.001,128,151,0.42234247051344975,0.08294863285839528,0.30503891928990684,0.48178240370750425,29.799076080322266,3.599017858505249,5.458852767944336,1
105,relu,7,5,0.01,64,218,0.3616133423381382,0.08384986970875785,0.3007818877696991,0.4801815033753713,29.797260284423828,3.5741705894470215,5.458686828613281,1
106,relu,7,5,0.01,128,218,0.4217667674753401,0.08131483369868961,0.3067750452359517,0.48017429272333784,30.401166915893555,3.626685380935669,5.513725280761719,2
107,relu,7,5,0.001,64,218,0.26724097523424356,0.08647994631526877,0.1471804034312566,0.34745209352175394,21.233304977416992,2.2189252376556396,4.607961177825928,1
108,relu,7,5,0.001,128,218,0.2652074582841661,0.08608738587130517,0.14618017840385436,0.3468781962394714,21.60731315612793,2.224116802215576,4.648366928100586,2
109,relu,7,6,0.01,64,297,0.32391473123100073,0.13685599672821291,0.1468895295262337,0.4801835438410441,21.663082122802734,2.2328429222106934,4.654361724853516,2
110,relu,7,6,0.01,128,297,0.31807626536157396,0.12804640361142788,0.16713167595863343,0.4801835438410441,8.599961280822754,1.4790986776351929,2.9325690269470215,1
111,relu,7,6,0.001,64,297,0.2782995153665543,0.09556005026685739,0.14315930227438609,0.34652300890286764,21.651836395263672,2.200688123703003,4.653153419494629,2
112,relu,7,6,0.001,128,297,0.2940444014072418,0.0745549388351337,0.1886199189821879,0.34814128557840984,5.715700149536133,1.2748863697052002,2.3907530307769775,2
113,relu,7,7,0.01,64,388,0.31073142332500886,0.13576871521563397,0.14782585469881693,0.48019584226608275,21.19849395751953,2.2148470878601074,4.604182243347168,1
114,relu,7,7,0.01,128,388,0.19918842653433486,0.07247558832962887,0.1470869781970978,0.3016796220938365,21.326248168945312,2.215331554412842,4.618035316467285,1
115,relu,7,7,0.001,64,388,0.15111441366540063,0.011777897594309156,0.14056574507554373,0.16755219280719758,20.334619522094727,2.121999502182007,4.509392261505127,0
116,relu,7,7,0.001,128,388,0.1534791784418954,0.00959545311035315,0.14497382962703706,0.166889000972112,21.598464965820312,2.216857671737671,4.647414684295654,2
117,relu,7,8,0.01,64,491,0.2274104707373513,0.19195876655838875,0.015272253513336182,0.4801775162220001,0.0416589230298996,0.15008316934108734,0.2041051834821701,1
118,relu,7,8,0.01,128,491,0.1697564531415701,0.2195149456579247,0.011402996535102527,0.4801762443383535,0.02345975488424301,0.11336744576692581,0.1531657725572586,2
119,relu,7,8,0.001,64,491,0.1439109245472484,0.0005169489004587808,0.14326741830507914,0.14453314236799875,21.22342300415039,2.1862893104553223,4.606888771057129,1
120,relu,7,8,0.001,128,491,0.161202648397949,0.12597385309724363,0.015463431427876154,0.3228088219165802,0.04537999629974365,0.15004006028175354,0.21302580833435059,1
121,relu,8,3,0.01,64,108,0.4800918878184424,0.0013918568606470182,0.4783455983797709,0.4817516411940257,35.749141693115234,4.767916202545166,5.979058742523193,1
122,relu,8,3,0.01,128,108,0.4800916123125289,0.0013939688046794639,0.478343740940094,0.4817551256020864,35.75655746459961,4.768131732940674,5.979678630828857,1
123,relu,8,3,0.001,64,108,0.4801123600800832,0.0013739603919167118,0.4783910911083221,0.48175374778111774,35.750728607177734,4.7685418128967285,5.979191303253174,1
124,relu,8,3,0.001,128,108,0.4801252069208357,0.0013807269619567223,0.4783926711877187,0.4817714429696401,35.74758529663086,4.768237590789795,5.978928565979004,1
125,relu,8,4,0.01,64,171,0.48009584098392066,0.0013964807813376938,0.47834346691767377,0.48176077810923257,35.75334548950195,4.768059253692627,5.979410171508789,1
126,relu,8,4,0.01,128,171,0.4800937027931213,0.0013917416285061791,0.4783459583123525,0.4817514494260152,35.76737594604492,4.769070625305176,5.980583190917969,1
127,relu,8,4,0.001,64,171,0.4801077340973749,0.0013766739149984055,0.47838852524757386,0.48175859530766807,35.76911163330078,4.769229412078857,5.9807281494140625,1
128,relu,8,4,0.001,128,171,0.48012269936667556,0.0013784215174137424,0.4784020955562592,0.48177654441197715,35.761688232421875,4.768842697143555,5.98010778427124,1
129,relu,8,5,0.01,64,248,0.4801001255777147,0.001394919156426426,0.4783514496485392,0.48176522175470987,35.75190353393555,4.767643928527832,5.979289531707764,1
130,relu,8,5,0.01,128,248,0.4800901295079125,0.0013903616596153746,0.47834727517763775,0.4817499109109243,35.753639221191406,4.768109321594238,5.979434490203857,1
131,relu,8,5,0.001,64,248,0.42072828698158266,0.0839104182656702,0.3020772929191589,0.48175485610961916,29.42682647705078,3.5983059406280518,5.424649715423584,0
132,relu,8,5,0.001,128,248,0.3633756826983558,0.08372838374173337,0.30246700914700825,0.481768995364507,29.41390609741211,3.599632978439331,5.423459053039551,0
133,relu,8,6,0.01,64,339,0.36838998281955715,0.1567968391045133,0.14664829274018606,0.48017750136057535,21.581918716430664,2.230813980102539,4.645634174346924,2
134,relu,8,6,0.01,128,339,0.3684827297793494,0.15666379613176332,0.14692918022473653,0.4801738553841909,21.551944732666016,2.227555513381958,4.642407417297363,2
135,relu,8,6,0.001,64,339,0.367434199002054,0.1581892498665267,0.14372317572434742,0.48017949040730795,21.67537498474121,2.208977460861206,4.65568208694458,2
136,relu,8,6,0.001,128,339,0.3682894056505628,0.15699258412667821,0.14627076756954194,0.48019341158866885,21.625045776367188,2.2272207736968994,4.65027379989624,2
137,relu,8,7,0.01,64,444,0.48009570140308805,0.0013909888332303035,0.47835096446673075,0.48175495910644534,35.74282455444336,4.767368316650391,5.978530406951904,1
138,relu,8,7,0.01,128,444,0.4800949806637234,0.0013910283118355388,0.4783448023001353,0.4817479492823283,35.75200653076172,4.767930507659912,5.979298114776611,1
139,relu,8,7,0.001,64,444,0.36939314268694984,0.1565287631480919,0.14803670664628346,0.4817674463589986,20.358444213867188,2.17824387550354,4.512033462524414,0
140,relu,8,7,0.001,128,444,0.3241121076875263,0.1378997320238841,0.14587629028161367,0.48177561569213867,20.352094650268555,2.159071445465088,4.511329650878906,0
141,relu,8,8,0.01,64,563,0.3692991551558176,0.15663200424793575,0.14779678297042848,0.4817537112236023,20.354446411132812,2.174431800842285,4.511590003967285,0
142,relu,8,8,0.01,128,563,0.31685665256447265,0.1370629198816533,0.14617187702655793,0.4817565450668335,21.262582778930664,2.2051801681518555,4.6111369132995605,1
143,relu,8,8,0.001,64,563,0.15299643361568452,0.009123741955031713,0.1457075390815735,0.16586140219370524,20.34538459777832,2.1576733589172363,4.510585784912109,0
144,relu,8,8,0.001,128,563,0.15135918252997926,0.010782575605769023,0.1421556911468506,0.1664903021256129,20.351430892944336,2.133876323699951,4.511256217956543,0
145,tanh,3,3,0.01,64,48,0.019567649058997633,0.00023287401950289807,0.019238316863775255,0.01973314722130696,0.06943666934967041,0.18042249977588654,0.2635083794593811,2
146,tanh,3,3,0.01,128,48,0.019345749475889736,0.0003198678879357642,0.018901074662804603,0.019639999548594158,0.06777399033308029,0.17618301510810852,0.2603343725204468,2
147,tanh,3,3,0.001,64,48,0.01949769683927298,0.0009592576948660636,0.01837118565787872,0.020715545743703843,0.06990329176187515,0.1758093237876892,0.26439231634140015,2
148,tanh,3,3,0.001,128,48,0.019609759986400604,0.001115955621289037,0.01838575865825017,0.021084547405441603,0.0697801485657692,0.17533764243125916,0.26415932178497314,2
149,tanh,3,4,0.01,64,71,0.014993215633763208,0.001703117833867447,0.012600405243535836,0.01642786306142807,0.02804902195930481,0.11697699874639511,0.16747842729091644,0
150,tanh,3,4,0.01,128,71,0.016032132494780752,0.0003900278344184576,0.015686491986115773,0.01657721884548664,0.05313054844737053,0.14374487102031708,0.23050065338611603,2
151,tanh,3,4,0.001,64,71,0.012160695566071404,0.0010468587418739517,0.01085880707204342,0.013422118805348873,0.023384690284729004,0.09637890756130219,0.15292052924633026,1
152,tanh,3,4,0.001,128,71,0.01297619511352645,0.0023796925337036517,0.010905295635263126,0.01630902082224687,0.022738108411431313,0.09775499254465103,0.15079160034656525,1
153,tanh,3,5,0.01,64,98,0.010157164195345509,0.0005689873244371487,0.00967780926078558,0.010956559446950754,0.019124416634440422,0.09521811455488205,0.13829106092453003,2
154,tanh,3,5,0.01,128,98,0.010003226819137732,0.0008650609387790665,0.0089373649507761,0.011056205347180367,0.019214080646634102,0.08729814738035202,0.13861486315727234,2
155,tanh,3,5,0.001,64,98,0.008709652157707347,0.000340688462118101,0.008286369199554125,0.009120608953138192,0.011280483566224575,0.0742967426776886,0.10620962083339691,0
156,tanh,3,5,0.001,128,98,0.009407946097768016,0.0007523332540793495,0.008488454651087522,0.010331275252004465,0.01514922734349966,0.07791422307491302,0.12308219820261002,2
157,tanh,3,6,0.01,64,129,0.007518800137357579,0.00046999694165884614,0.006860197244832913,0.007925737659136454,0.007765555288642645,0.0634855404496193,0.08812239021062851,2
158,tanh,3,6,0.01,128,129,0.006888174419601759,0.0002944465937490728,0.006586211621761322,0.007287474256008864,0.008152095600962639,0.06406647711992264,0.09028895944356918,2
159,tanh,3,6,0.001,64,129,0.006306373801910215,0.00019644040804651938,0.006151014578839143,0.00658350487301747,0.007237318437546492,0.05734194070100784,0.08507242798805237,2
160,tanh,3,6,0.001,128,129,0.00601405713127719,0.000326109986433053,0.0055646674471596875,0.006328519833584626,0.005691519007086754,0.050505608320236206,0.07544215768575668,0
161,tanh,3,7,0.01,64,164,0.006259620937208335,2.863386704077955e-05,0.006222997718801101,0.006292895915607611,0.006098274141550064,0.0589049756526947,0.07809145003557205,0
162,tanh,3,7,0.01,128,164,0.005606308684994777,0.00032443140611582833,0.005150714252144098,0.005881104736278455,0.004584496840834618,0.04805551469326019,0.06770890951156616,1
163,tanh,3,7,0.001,64,164,0.004746133179714282,0.00021779371701785612,0.0045786874443292614,0.005053736817091704,0.0040510003454983234,0.04288506507873535,0.06364747136831284,2
164,tanh,3,7,0.001,128,164,0.00488826393460234,0.0004583384688940001,0.004429464732607206,0.005514196885128816,0.0038616685196757317,0.041439227759838104,0.062142323702573776,2
165,tanh,3,8,0.01,64,203,0.006211193674140507,0.0004999195105623964,0.005684402043620746,0.006882936411847671,0.006048944313079119,0.055624350905418396,0.07777495682239532,1
166,tanh,3,8,0.01,128,203,0.0051456065074437195,0.0001152325697069145,0.0049856017691393695,0.005252379765113195,0.00474671320989728,0.04905172809958458,0.06889639794826508,2
167,tanh,3,8,0.001,64,203,0.004599661352733771,0.00040276228840438135,0.004254800369342168,0.005164684977382422,0.003782089566811919,0.040026068687438965,0.061498694121837616,2
168,tanh,3,8,0.001,128,203,0.0043979453289260464,0.0005577400646846083,0.0038083177755276363,0.00514648311957717,0.0029995455406606197,0.03642037510871887,0.05476810783147812,2
169,tanh,4,3,0.01,64,60,0.016087485988934835,0.0004496853428493774,0.015461842238903045,0.01649906405309836,0.051414866000413895,0.14753854274749756,0.22674846649169922,2
170,tanh,4,3,0.01,128,60,0.0664757681356536,0.07203401616045316,0.015015767554442087,0.16834544587135314,0.048963554203510284,0.14208821952342987,0.22127710282802582,2
171,tanh,4,3,0.001,64,60,0.01533731866048442,0.000512845401798064,0.014628025939067205,0.01582308895389239,0.04777124151587486,0.13778501749038696,0.21856632828712463,2
172,tanh,4,3,0.001,128,60,0.01563470772653818,0.0008877986042198658,0.014607729164262612,0.01677370945115884,0.04881492629647255,0.137785866856575,0.22094100713729858,2
173,tanh,4,4,0.01,64,91,0.011040308523509236,0.0006518316901458121,0.010122747726738452,0.01157582526654005,0.02121668867766857,0.09728299081325531,0.14565949141979218,2
174,tanh,4,4,0.01,128,91,0.010378084262212118,0.0009392502652710342,0.009066370444993178,0.011215164065361024,0.01713116094470024,0.08471669256687164,0.13088606297969818,2
175,tanh,4,4,0.001,64,91,0.010847493233780066,0.002466024519331978,0.007775121646622816,0.013812774901588758,0.013369759544730186,0.07111122459173203,0.11562767624855042,0
176,tanh,4,4,0.001,128,91,0.010178262314862676,0.0016773394130449755,0.008626659733553728,0.012507961392402648,0.01745224930346012,0.08140335977077484,0.1321069598197937,1
177,tanh,4,5,0.01,64,128,0.007135033773465288,0.0006996372562878666,0.006170575949052969,0.007808585094908873,0.006446000654250383,0.05912531167268753,0.08028698712587357,2
178,tanh,4,5,0.01,128,128,0.0074876998414595925,0.0009763996512456028,0.00662892880042394,0.008853524704774221,0.010183107107877731,0.06178491935133934,0.10091137886047363,1
179,tanh,4,5,0.001,64,128,0.006008574403408501,0.00021893130557786237,0.005739288039505482,0.006275543000549078,0.009526063688099384,0.05354796350002289,0.09760155528783798,0
180,tanh,4,5,0.001,128,128,0.006519007568971978,0.0006537682495708224,0.0058342596205572285,0.007399396014710268,0.008636700920760632,0.054294902831315994,0.09293385595083237,1
181,tanh,4,6,0.01,64,171,0.006578345833139287,0.00041025349894980765,0.006271918433407943,0.007158219334979852,0.006392220035195351,0.058944221585989,0.07995136082172394,1
182,tanh,4,6,0.01,128,171,0.006148926757689979,0.00043182346751616994,0.005551015713562568,0.0065555114957193536,0.005014845635741949,0.0522661954164505,0.07081557810306549,0
183,tanh,4,6,0.001,64,171,0.004583694964026411,0.0005485150636170037,0.003934094815825423,0.005275670606642961,0.0032009028363972902,0.03704877197742462,0.05657652020454407,1
184,tanh,4,6,0.001,128,171,0.004847124558563034,0.00024357608429183638,0.004522569602355361,0.005109362146506707,0.004145793616771698,0.04209402948617935,0.06438783556222916,1
185,tanh,4,7,0.01,64,220,0.006176051041318311,0.00042092121510190346,0.005789613340049982,0.006761394146829844,0.006399783305823803,0.05785248428583145,0.07999864220619202,2
186,tanh,4,7,0.01,128,220,0.006011966663102309,0.0010085799350236702,0.004845761814465125,0.007306282779822747,0.0041659241542220116,0.046972502022981644,0.06454396992921829,2
187,tanh,4,7,0.001,64,220,0.004068778188278278,0.0002186010741754951,0.0038624914685885113,0.0043713306412100795,0.002947396133095026,0.03616856783628464,0.05428992584347725,2
188,tanh,4,7,0.001,128,220,0.0037318722843709923,0.0003595541604258517,0.0033436329669008654,0.004210371031115452,0.0026226292829960585,0.032286904752254486,0.05121161416172981,2
189,tanh,4,8,0.01,64,275,0.00617248884961009,8.620406929302493e-05,0.006098434589803219,0.00629338306064407,0.005784915294498205,0.05699842795729637,0.07605863362550735,1
190,tanh,4,8,0.01,128,275,0.005854548607435492,0.00025261231125749345,0.005513980398575465,0.006118264189610878,0.0049156020395457745,0.05224396288394928,0.07011135667562485,2
191,tanh,4,8,0.001,64,275,0.0034712223044286172,0.00023164336298786968,0.0031742501873523,0.0037394733106096588,0.0021621810737997293,0.029216567054390907,0.046499259769916534,1
192,tanh,4,8,0.001,128,275,0.0035265756564007863,0.0003757488558796679,0.003012960596010089,0.003901410646736622,0.0022092994768172503,0.029291093349456787,0.047003187239170074,2
193,tanh,5,3,0.01,64,72,0.015890160472028788,0.0006681620665993261,0.014948831873635451,0.016432142183184624,0.048990923911333084,0.1439329981803894,0.2213389277458191,2
194,tanh,5,3,0.01,128,72,0.01552338211900658,0.0004776288655081745,0.014848637262980142,0.015887838383515675,0.04678571596741676,0.14001306891441345,0.21630005538463593,2
195,tanh,5,3,0.001,64,72,0.015261170935299662,0.0002962556819444387,0.01484538219620784,0.015513685221473375,0.04889391362667084,0.13766878843307495,0.221119686961174,2
196,tanh,5,3,0.001,128,72,0.014982358348866303,0.000798770297730429,0.01385993895183007,0.01565394017100334,0.04479299485683441,0.13009972870349884,0.21164356172084808,2
197,tanh,5,4,0.01,64,111,0.011486921648184456,0.0022885186569102517,0.009207885332405567,0.014616533162693183,0.017816606909036636,0.09059380739927292,0.13347886502742767,1
198,tanh,5,4,0.01,128,111,0.013027925753759015,0.0005838880446609994,0.012423784911632537,0.013817487974961599,0.029904890805482864,0.10508798807859421,0.1729303002357483,1
199,tanh,5,4,0.001,64,111,0.012288216350807084,0.0006118274451646626,0.011428921990096569,0.01280566521237294,0.03269558399915695,0.10200316458940506,0.18081919848918915,2
200,tanh,5,4,0.001,128,111,0.010380917868680424,0.0014995895923977846,0.008261580280959606,0.011507366602619489,0.015388344414532185,0.07515295594930649,0.12404976785182953,1
201,tanh,5,5,0.01,64,158,0.007277606429739131,0.00027355665716566026,0.006938137983282407,0.007608029007911682,0.00855864305049181,0.06743478775024414,0.09251293540000916,1
202,tanh,5,5,0.01,128,158,0.007069070561892456,0.0002474010531734026,0.006845715265721083,0.007413976060847442,0.011248482391238213,0.06629519164562225,0.10605886578559875,2
203,tanh,5,5,0.001,64,158,0.005393138065934181,0.0005257541556745381,0.004650979104141395,0.005803284219155709,0.003739110426977277,0.04382987692952156,0.0611482672393322,1
204,tanh,5,5,0.001,128,158,0.005682694140407774,0.00031530108246338837,0.005301495316127936,0.006073637634515763,0.00839841179549694,0.05025951564311981,0.0916428491473198,2
205,tanh,5,6,0.01,64,213,0.006756331051803298,0.000831157363558479,0.005586550888915857,0.007440943860759338,0.005155552178621292,0.05383637174963951,0.07180217653512955,1
206,tanh,5,6,0.01,128,213,0.0061791614761783015,0.0006238307358983726,0.00529877424115936,0.006668710112571716,0.005326044280081987,0.052097219973802567,0.07297975569963455,2
207,tanh,5,6,0.001,64,213,0.004888855962703625,5.432960769305818e-05,0.004838579528033733,0.004964310872058074,0.0045564803294837475,0.044203851372003555,0.06750170886516571,0
208,tanh,5,6,0.001,128,213,0.004927621786793073,0.0003165225534978105,0.004569495124121507,0.005339255022505919,0.0048014079220592976,0.042403966188430786,0.06929219514131546,2
209,tanh,5,7,0.01,64,276,0.007186222678257359,0.0007861363678948613,0.006508872756113609,0.008288385291894277,0.007137621752917767,0.06410582363605499,0.08448445051908493,1
210,tanh,5,7,0.01,128,276,0.005812751875983344,0.0003947613420713183,0.005399635876218478,0.00634451158841451,0.00556666124612093,0.05058269575238228,0.07461006194353104,2
211,tanh,5,7,0.001,64,276,0.004178564185690549,0.00037965366356184976,0.0036532459761947395,0.004537327090899149,0.0026098189409822226,0.03354062885046005,0.051086388528347015,1
212,tanh,5,7,0.001,128,276,0.0039971355582690896,0.0004020419410317166,0.0034299456688265005,0.004315056957925359,0.0024322953540831804,0.03246660530567169,0.049318306148052216,1
213,tanh,5,8,0.01,64,347,0.005837614131470521,0.0001086047057194102,0.005735921103507281,0.0059881419837474826,0.00644001504406333,0.05810355022549629,0.08024970442056656,0
214,tanh,5,8,0.01,128,347,0.005779338824666209,0.00039800529834538295,0.005247638749579588,0.006205137600501378,0.00523859728127718,0.052682869136333466,0.07237815111875534,2
215,tanh,5,8,0.001,64,347,0.003731470904209547,0.00026776813507809773,0.0035374709585060675,0.004110113695263862,0.002556735184043646,0.03323543816804886,0.05056416988372803,1
216,tanh,5,8,0.001,128,347,0.0037279615845117304,0.00011784095404683881,0.0035810431012262903,0.0038695453821371,0.002665487816557288,0.03433606028556824,0.05162836238741875,1
217,tanh,6,3,0.01,64,84,0.07302781147427029,0.08044771685142571,0.015593049190938473,0.18679628773530324,0.04452349990606308,0.13806110620498657,0.21100592613220215,0
218,tanh,6,3,0.01,128,84,0.0723542444606622,0.08043597596617066,0.01487620148062706,0.1861057666540146,0.03788018599152565,0.12491446733474731,0.19462832808494568,0
219,tanh,6,3,0.001,64,84,0.07105802857875824,0.07862946601129778,0.01544890380402406,0.18225688525040945,0.04357874393463135,0.13349571824073792,0.208755224943161,0
220,tanh,6,3,0.001,128,84,0.07100628038412994,0.07848180423931102,0.015501313393314679,0.18199631174405415,0.043354056775569916,0.13257147371768951,0.2082163691520691,0
221,tanh,6,4,0.01,64,131,0.010404496812986004,0.002297233646196924,0.008581726059317589,0.013644841983914375,0.013908273540437222,0.08013711124658585,0.11793334037065506,2
222,tanh,6,4,0.01,128,131,0.00998984766461783,0.0029635326354566,0.007431276638060808,0.014143863469362259,0.011819768697023392,0.07141374051570892,0.10871876031160355,2
223,tanh,6,4,0.001,64,131,0.008980438985758359,0.0012539101594751432,0.007627950077255567,0.010649918732543786,0.014979272149503231,0.07162300497293472,0.12238983809947968,2
224,tanh,6,4,0.001,128,131,0.00933206505328417,0.0016175187585296931,0.007799188653628031,0.011568968437612057,0.01353487279266119,0.07175177335739136,0.11633947491645813,1
225,tanh,6,5,0.01,64,188,0.009201075909038384,0.0025985152611863738,0.00720860597739617,0.012871440644065538,0.010482480749487877,0.06778157502412796,0.10238398611545563,0
226,tanh,6,5,0.01,128,188,0.007062570361213552,0.0002881077135655705,0.006765059904505809,0.007452416294564804,0.010496283881366253,0.06623608618974686,0.1024513766169548,0
227,tanh,6,5,0.001,64,188,0.007052529125163953,0.0024516651580777787,0.005245033066719771,0.010518641603489717,0.006720485165715218,0.04883314669132233,0.08197856694459915,0
228,tanh,6,5,0.001,128,188,0.005666515972465276,0.00027036809769235464,0.005321793764829635,0.005982136672983567,0.008242879994213581,0.050102364271879196,0.09079030901193619,0
229,tanh,6,6,0.01,64,255,0.007490904816322856,0.0002795556869568687,0.0071692004067202405,0.007850771537671487,0.009420446120202541,0.06829912960529327,0.0970589816570282,2
230,tanh,6,6,0.01,128,255,0.006421845197263691,0.000182658402060192,0.006163653891533613,0.00655794620513916,0.005484549794346094,0.05576677620410919,0.07405774295330048,0
231,tanh,6,6,0.001,64,255,0.004493988441510333,0.00019773398665722493,0.004226991626123587,0.004699477262794971,0.003441249020397663,0.03964880853891373,0.058662161231040955,1
232,tanh,6,6,0.001,128,255,0.004208078684699204,0.00044617276856127245,0.003604964794591069,0.0046702452053626374,0.002878665691241622,0.033238112926483154,0.05365319922566414,0
233,tanh,6,7,0.01,64,332,0.006430343877110216,0.0005433474250713233,0.005936653915792704,0.007187132289012273,0.005641855299472809,0.05637127161026001,0.07511228322982788,2
234,tanh,6,7,0.01,128,332,0.005706665082938141,0.000227134459081119,0.005494169846177101,0.006021525798986355,0.004405055660754442,0.05130316689610481,0.06637059152126312,1
235,tanh,6,7,0.001,64,332,0.004333861209245191,0.0002064552433901476,0.004112342658763131,0.004609340853989124,0.0030165084172040224,0.036272089928388596,0.05492274835705757,0
236,tanh,6,7,0.001,128,332,0.003942990004188484,0.0003116731874974262,0.0036083932916323343,0.004358771848181883,0.002972962334752083,0.03418094292283058,0.05452487990260124,2
237,tanh,6,8,0.01,64,419,0.0071500922391812,0.0010177299026272802,0.005940876795599858,0.008430724916358788,0.005493063014000654,0.05683881789445877,0.07411520183086395,0
238,tanh,6,8,0.01,128,419,0.006050850845459435,9.79992348009634e-05,0.005924367068956295,0.006163155609120926,0.006766331847757101,0.05726315826177597,0.0822577178478241,1
239,tanh,6,8,0.001,64,419,0.00400681661028001,0.00013324551862711615,0.003818385132898887,0.004102349960555633,0.0030382343102246523,0.03563942015171051,0.055120181292295456,1
240,tanh,6,8,0.001,128,419,0.003869039808089534,0.00017926333524851033,0.003738972450296084,0.004122527398789922,0.003028800943866372,0.0356232225894928,0.05503454431891441,2
241,tanh,7,3,0.01,64,96,0.015565345040625997,0.0009426797277808796,0.014262769088149071,0.016462477520108224,0.04451952502131462,0.13452820479869843,0.21099650859832764,2
242,tanh,7,3,0.01,128,96,0.015210286957522233,0.0004440893194938623,0.014590933034817379,0.01561009451498588,0.045952506363391876,0.13835562765598297,0.21436536312103271,2
243,tanh,7,3,0.001,64,96,0.11882596552868685,0.07422632188183968,0.015017140045762063,0.18422541824976604,0.043951213359832764,0.13479411602020264,0.20964545011520386,1
244,tanh,7,3,0.001,128,96,0.11884499923057028,0.0742299029833251,0.015039992839097977,0.18429402343432108,0.044900234788656235,0.1360827088356018,0.21189676225185394,1
245,tanh,7,4,0.01,64,151,0.057803625234299244,0.06426110336747747,0.012201479179163774,0.14868235476811728,0.032122377306222916,0.11333206295967102,0.17922717332839966,2
246,tanh,7,4,0.01,128,151,0.010923634754286872,0.0021029400248198256,0.007999519184231758,0.012855475703875224,0.012392610311508179,0.06996189057826996,0.11132210493087769,0
247,tanh,7,4,0.001,64,151,0.05854028541801704,0.0698736946152228,0.0069381330795586105,0.15732364165782928,0.010455985553562641,0.0641094446182251,0.10225450992584229,2
248,tanh,7,4,0.001,128,151,0.05350101337416305,0.06293005151701862,0.006195930153131485,0.14243723519643148,0.007616219576448202,0.05718577653169632,0.08727095276117325,2
249,tanh,7,5,0.01,64,218,0.007499489116171996,0.0009021467044461871,0.006683723532905181,0.008756899952888489,0.00786393042653799,0.06746137887239456,0.08867880702018738,2
250,tanh,7,5,0.01,128,218,0.006375808755556742,0.0004305941754492541,0.005899453499664863,0.00694251532976826,0.006742039229720831,0.057107843458652496,0.08210992068052292,2
251,tanh,7,5,0.001,64,218,0.0057406878013991644,0.0013493616521103708,0.004301122903202971,0.007545322765906652,0.0036551039665937424,0.03970421850681305,0.06045745685696602,1
252,tanh,7,5,0.001,128,218,0.004989048751485017,0.0004589170397388504,0.004447318713491162,0.005569435495883226,0.004021780099719763,0.041556429117918015,0.06341750919818878,1
253,tanh,7,6,0.01,64,297,0.007590278464472956,0.0011640764020221573,0.006199677011619012,0.00904865291217963,0.007122668903321028,0.062187664210796356,0.08439590781927109,2
254,tanh,7,6,0.01,128,297,0.008861009183443255,0.0025065034026045987,0.0063004611693322655,0.012264143139123917,0.008384010754525661,0.059776026755571365,0.09156424552202225,0
255,tanh,7,6,0.001,64,297,0.004316314901121789,0.0005937430441634833,0.0038332659074415765,0.005152645211666822,0.0031907488591969013,0.03631284087896347,0.056486714631319046,0
256,tanh,7,6,0.001,128,297,0.003988626586273312,0.0004672494246984258,0.003351231458907326,0.0044582500457763675,0.002590779447928071,0.0322844535112381,0.050899699330329895,2
257,tanh,7,7,0.01,64,388,0.0073999140337109555,0.00048682601846558116,0.006865933436900377,0.008043265727659066,0.0077773588709533215,0.0668197050690651,0.08818933367729187,0
258,tanh,7,7,0.01,128,388,0.006004064287990332,0.00019605813319664424,0.0057299066384633385,0.006177009180188179,0.0056489924900233746,0.056691501289606094,0.07515978068113327,2
259,tanh,7,7,0.001,64,388,0.0038833774572445286,0.0008014371446053546,0.003120309315621853,0.004990685255577167,0.0022622670512646437,0.030397318303585052,0.04756329581141472,2
260,tanh,7,7,0.001,128,388,0.004065080033822193,0.00015047591658578875,0.0038875048713137707,0.004255429411306977,0.0031293940264731646,0.034872956573963165,0.055940985679626465,0
261,tanh,7,8,0.01,64,491,0.00766707625074519,0.0003406538789880642,0.007207464983065923,0.008021924716730912,0.008343590423464775,0.07064728438854218,0.09134325385093689,2
262,tanh,7,8,0.01,128,491,0.0058076734298633205,0.000558886133649839,0.005022954341024161,0.0062818408546348415,0.004469869192689657,0.050096046179533005,0.06685707718133926,2
263,tanh,7,8,0.001,64,491,0.003370874581030674,0.0003689886693173986,0.002912475899482767,0.003816018228729566,0.0019083103397861123,0.028847038745880127,0.0436842106282711,2
264,tanh,7,8,0.001,128,491,0.003236780835936467,0.0004468806392178985,0.0028580783133705457,0.0038643007383992274,0.0019233371131122112,0.026369651779532433,0.04385586827993393,0
265,tanh,8,3,0.01,64,108,0.3664029080602858,0.08046986511958816,0.30743733763694764,0.4801791978677114,29.84531593322754,3.618957996368408,5.4630866050720215,1
266,tanh,8,3,0.01,128,108,0.3667912378840976,0.08021247150307918,0.307531138420105,0.48019026358922323,29.80913543701172,3.6159908771514893,5.459774494171143,1
267,tanh,8,3,0.001,64,108,0.12134997868951825,0.07636200947140759,0.015300695074101289,0.19203522125879924,0.04499248042702675,0.13519591093063354,0.21211430430412292,1
268,tanh,8,3,0.001,128,108,0.1777594396637546,0.14208751791869018,0.015227426518996556,0.3613523862361908,0.04492342844605446,0.13376396894454956,0.21195147931575775,1
269,tanh,8,4,0.01,64,171,0.012734059784975318,0.0026155169881039056,0.009468830538292726,0.015871700038512546,0.017324602231383324,0.09398006647825241,0.13162295520305634,2
270,tanh,8,4,0.01,128,171,0.05604383058266507,0.05989838108150005,0.011677747075756391,0.14072056849797568,0.02884344570338726,0.10668440908193588,0.16983358561992645,2
271,tanh,8,4,0.001,64,171,0.0599658744012316,0.06878295932055671,0.010732285685837268,0.15723721814155578,0.03100353293120861,0.09486661106348038,0.176078200340271,2
272,tanh,8,4,0.001,128,171,0.05987622366680039,0.0688895154822882,0.010715381080905596,0.157299329439799,0.03047473169863224,0.09495291113853455,0.17457012832164764,2
273,tanh,8,5,0.01,64,248,0.012746869222157531,0.0027259597716672787,0.009153314158320427,0.01575238846242428,0.016720425337553024,0.09176473319530487,0.12930747866630554,0
274,tanh,8,5,0.01,128,248,0.009504834630009201,0.002252085986160771,0.007857103632142147,0.012689118281006813,0.012408426962792873,0.07377871125936508,0.11139311641454697,2
275,tanh,8,5,0.001,64,248,0.007178183081249396,0.0024850086673418575,0.004388857667644818,0.010424237134555975,0.0037225608248263597,0.04033151641488075,0.06101279333233833,1
276,tanh,8,5,0.001,128,248,0.006841524560004472,0.0024445590829674777,0.004144148670136929,0.010062891374031702,0.0036338602658361197,0.03856828808784485,0.060281507670879364,1
277,tanh,8,6,0.01,64,339,0.009524035169846483,0.0024370495834447428,0.007454703313608964,0.012945585104326408,0.013355931267142296,0.07538239657878876,0.11556786298751831,0
278,tanh,8,6,0.01,128,339,0.006406489682280355,0.00032987028954350117,0.00594178186232845,0.006674292054027319,0.006881329230964184,0.06003051623702049,0.08295378088951111,1
279,tanh,8,6,0.001,64,339,0.004927822575387027,0.00030972614302123306,0.004603583474953969,0.005344985611736774,0.0035439825151115656,0.04119161143898964,0.059531357139348984,0
280,tanh,8,6,0.001,128,339,0.0045478804293606016,0.00031466527729714374,0.004113706442217032,0.004849472255756457,0.0034679139498621225,0.03842100501060486,0.0588889978826046,2
281,tanh,8,7,0.01,64,444,0.007911434327976571,0.0003396289250142264,0.007529650583863259,0.008354719919462999,0.009587204083800316,0.07371724396944046,0.09791427105665207,0
282,tanh,8,7,0.01,128,444,0.006210324469953774,9.816108756712325e-05,0.00607291687404116,0.0062961385895808535,0.0066071609035134315,0.06156030297279358,0.08128444105386734,1
283,tanh,8,7,0.001,64,444,0.0038431739798850486,0.0003270908369177487,0.0034525125560661155,0.004253028262406588,0.0024889912456274033,0.03154278174042702,0.04988979175686836,0
284,tanh,8,7,0.001,128,444,0.0043983792509469715,0.00039623017746380983,0.004088087656845649,0.004957612755397955,0.003274767193943262,0.037674419581890106,0.057225581258535385,1
285,tanh,8,8,0.01,64,563,0.007710827883746889,0.0009901587201137717,0.006971445926775535,0.009110376705725988,0.008652150630950928,0.07031701505184174,0.09301693737506866,1
286,tanh,8,8,0.01,128,563,0.007023571847213639,0.0007233575015466403,0.006088996585458517,0.007851131490121285,0.0061834221705794334,0.060424547642469406,0.07863473892211914,0
287,tanh,8,8,0.001,64,563,0.0036380100707627005,0.0001144909766893561,0.003542427952090899,0.0037989838123321535,0.002718536648899317,0.03345315903425217,0.052139587700366974,2
288,tanh,8,8,0.001,128,563,0.0039043529205438163,0.000499947499636448,0.0035366118513047696,0.0046111920326948165,0.002508724108338356,0.03199751675128937,0.05008716508746147,0
